File Name,Bundle,Telegram Chat ID,Media Type,File URL,Attachment,Order,Telegram Message ID,Created Time,Bundle ID Text,Slider order
,,,Video,,,,,6/4/2026 8:37am,,-1
file_47,,,Photo,https://res.cloudinary.com/dsmg07va6/image/upload/v1780564488/file_47_frjajo.jpg,file_47 (https://v5.airtableusercontent.com/v3/u/55/55/1785736800000/rA2nfhOr--S7UZCwV9TiuQ/KL_ndK0jv5f82I5ankfXorEqOMkE91Wgy0dJMRer752yFskNABHjT8YKDZvB9ZT6pI9PBiU1NoJZtfI5j1RvH0spj9lgRLBNxElYHYW_bhpT6QsRio4ZYEKOoah5Niq_1HU1iN5qA-9_p9oG2JYaxNz-WVMwfq-XxS4G_BoWp1E/niwA1UhR8DYymlkoX0yEt6OcB-gCCa8y0brz0wIv0Fs),,,6/4/2026 9:14am,,-1
file_48,,,Photo,https://res.cloudinary.com/dsmg07va6/image/upload/v1780565046/file_48_t0meqa.jpg,file_48 (https://v5.airtableusercontent.com/v3/u/55/55/1785736800000/wyaH1SyEhCKvqNPWqsP0ZA/z7d3x7Plam0Pkokc5G-eKbt0h_zV2_BHlb9GAfspbmLwAJvxX0TS_t9A9dL-YEK9GYBvXomCYIvI55oBDIaf4WzBA4Yj0G_7ZpTfZxRubGaDz2KKRPwlEE5rLp7IJVkRowpc1rGdLleoqZrUXC7HgL2c960uFTe9Sm3Zs058J0w/D92iFr5oFHJ04MHHxF9SQqy2mxbZhmcuh3BbampgV9o),,,6/4/2026 9:24am,,-1
file_49,B005,7508426910,Photo,https://res.cloudinary.com/dsmg07va6/image/upload/v1780566118/file_49_mosyw7.jpg,file_49 (https://v5.airtableusercontent.com/v3/u/55/55/1785736800000/pX4iImUYdLh4A4l05YORJg/0iY7fH9MNbxXJmTS_J-PiyZREmKk4A1w69_OyLoMbJ7ILTwHJc15k0dUcZnSQLqsFXARM1KHjIINlfnbRRRw0_JqGItsFUNzvjZ2Z7bVz1RUIcJqgvN1O3KW1pAcQbcdUaI2RbB1V7prn1yAFS9Zx8kaPN9H0aJ5-Wxeq59pLKw/e2OUaV-iF07fvqrT21XGY4MKIWQ4O5mFFg9RRJgdMTU),,,6/4/2026 9:42am,B005,-1
file_51,B005,7508426910,Photo,https://res.cloudinary.com/dsmg07va6/image/upload/v1780566472/file_51_zisawl.jpg,file_51 (https://v5.airtableusercontent.com/v3/u/55/55/1785736800000/AJIW5WYUSdqNFqxS6ZuyXg/9ttFR4r3tL7Y7xPu-AHuOtWapEks1bwr09mkXZrUWKbm4R_l0N-ZzVXAWMaQpksmnDqpFxDdJa2nx4UzJ9gMhN-nA2LO5d4x6FCEaz2UJIRmqw3_HWEjRV3lAB-t42JjVnGdHRf1rhGOsceXg7tNyDQXZvDJRRQ6htqE7z2vVXY/6MQl9WYUhiRsfRRcqD3igCLYYCA_-KlWmwFRCNkuEjQ),,176,6/4/2026 9:47am,B005,-1
file_47,B005,7508426910,Photo,https://res.cloudinary.com/dsmg07va6/image/upload/v1780567146/file_47_vj296x.jpg,file_47 (https://v5.airtableusercontent.com/v3/u/55/55/1785736800000/OHXRvSAibaTnnYzWgg8VLQ/WVe8IQO4MHFK8NXpq9NDclapnADHqoXT0lBcMSKc2XsUrfxUl21zPHG1SasWwwZMPYuP5vcAe-VAzwYh0lnca8oGvPJDZxXQpO0_nJYjJYc0sjS_0BRhrqVS8HOi7VqQ0zExhU2c--Vc7fsIS6qs5vtvrr478qAB2UnhrEEoRSs/PrRv6C_WRe6vrJgMUfPbDopQcETEojKMCADqASP_PlA),,178,6/4/2026 9:59am,B005,-1
file_53,B005,7508426910,Photo,https://res.cloudinary.com/dsmg07va6/image/upload/v1780567167/file_53_f3zb1t.jpg,file_53 (https://v5.airtableusercontent.com/v3/u/55/55/1785736800000/oV6Mqe10HHhzc1iuy8tRuQ/PIgicbW6ima-tvAXqR45s815u-bY-ke7jRsXiVuy7JXNK6eUALeJCHgCduTDNCQfWd8WZ6e8UnTtZYxlBbsG_okMM0_JnRII37rlf_sU4hbsAx3CcT9IYkuosc4MsxaGh9OL-VG4RgPJG_Cf5WSEd1_cnppuVSYFFTaVj951-J4/L3QjDTIQ2mSpjBdiVGGyTThUGmhWAaAkUVDTOrT1EX8),,179,6/4/2026 9:59am,B005,-1
file_54,B005,7508426910,Photo,https://res.cloudinary.com/dsmg07va6/image/upload/v1780567182/file_54_nbeltt.jpg,file_54 (https://v5.airtableusercontent.com/v3/u/55/55/1785736800000/aGOatSWQO54jHB6Kntct5w/oAwNtuMSEtYxDGDKobmMXwt0Ytb16Sk6wp8tez6kEOtEoZBq3mYP0NIKDgrl41LbXvQ8zm1W43kRpe2XkItzAAVK-pHm0wnEs5HlwJaHEyjtGzqp0VLtYDIDaJVqOQimrcR8y1vLSvmxTuYJMyjXMQC1xKk4N0FmQlPZ6NeXDxg/HPLMGCG6-8CFbg7wrwlec2YAlVnIYcs_v60LJ-6O5RI),,180,6/4/2026 9:59am,B005,-1
file_56,B005,7508426910,Photo,https://res.cloudinary.com/dsmg07va6/image/upload/v1780568188/file_56_ionrqh.jpg,file_56 (https://v5.airtableusercontent.com/v3/u/55/55/1785736800000/w7uDaC2bX2I5X-nqGweAGQ/9WBjbaehaIxV0enIj7KXZRAM2-RdM5ufn-rUVb7svShxxvS9TuNSiXHyc3WAhsYYZ-LHPba7O7EmJewB5YufAqwPoZTRF8HPeH3prxsEtpOJAa2vEp_DgS8kEyyg0cfs0zKSOOYFMVCXVOFKHYc7YdaMWS8VLL6pqKtxFbtp8ZY/ysXb7t6e8dn2tj2wet63ERqMyn4rCSqtMxzZglPog8I),,185,6/4/2026 10:16am,B005,-1
file_57,B005,7508426910,Photo,https://res.cloudinary.com/dsmg07va6/image/upload/v1780568205/file_57_zwxfug.jpg,file_57 (https://v5.airtableusercontent.com/v3/u/55/55/1785736800000/0KsZ4YFmKrpXRrrog_FKkQ/nD6BNI6vmebFuHZBQXu-ySL2iVgK-931Px4nxzAXxvZw_aDVVJAjzslXoimBfjrihBqt9bZwsJbRk5Qo27QBzqFko28x5WkbUTSE_LZMNhy4luc3bqb9smhsEg_GOAjeV6P8w9OKAIeSmXLPPxmHIrkRH6E7X2ceyqwoU1HBv9w/0MF4mER7m6n6j3sIx3NHrCHx_QggNwnDuiEfQMwLSXY),,186,6/4/2026 10:16am,B005,-1
file_50,B005,7508426910,Photo,https://res.cloudinary.com/dsmg07va6/image/upload/v1780568225/file_50_nftp0i.jpg,file_50 (https://v5.airtableusercontent.com/v3/u/55/55/1785736800000/mbVbtS43jeJas3h7GBgkDQ/gS07OkDWdQ6NSTwnO0jj5_9aBnkTX52g2WNHCobsRqaQZdPgheyLz52Na0kodOPZmL2W2rfQFSqNGKF2v3utqOqZiWZb9jxBx2XQNltS5ctJ5O9fcnIoZY3FSQcoGZROwcXs3sZ93Gu4wntEDQhstkm9faumOrlgHKT94oEuyKg/VPLPraT-UTkNQOBYjc4AnmEMLIivsICXhoE2YIYq6NE),,187,6/4/2026 10:17am,B005,-1
file_58,B006,7508426910,Photo,https://res.cloudinary.com/dsmg07va6/image/upload/v1780569042/file_58_zyrdez.jpg,file_58 (https://v5.airtableusercontent.com/v3/u/55/55/1785736800000/IppM9ZX1Nvo1w9213G5kxg/jTBQM1Tqm3ThzPbkWrA1k3f2d_aNSmNHXsRpTqttJgh1qP_g83mhI_lFDLyECo1sROZmfNJHHpH37aZsP2rwmBsKlbn7U3_e7bW3mkixf7Pumufpn8MEiLbcRajSa_OWM0D8ZyAtIGQ1he6WBABT36clTeD-OXzcBo0D8TNjwms/0N43nBmYJ2RuOqqSl5-JOLfxpGmT5g0u-66AEZL6NyU),,,6/4/2026 10:30am,B006,-1
file_60,B006,7508426910,Video,https://res.cloudinary.com/dsmg07va6/video/upload/v1780571440/file_60_kvavzi.mp4,file_60 (https://v5.airtableusercontent.com/v3/u/55/55/1785736800000/fmnnwUanPReoA4dor1kaxw/vEfkXNCnrI4LU3r92vTSPOkJZLGdsPhVzYY6p9gbElu8GtmpaNNDW8xEPM9CZH9F10sbPB6K97gYP53BJNm1bIKl0HvuQdhEnHdQU13jozv44TYgkWrlTdmwziN1KDvciQi0UdDniQnw8ozf3tPW77v809_ibGr1oJfMW--sOr0/0eFsvzVSNpTbic9xUQi8N7GbRrcT4VnUHktmC2nNnYk),,,6/4/2026 11:10am,B006,-1
file_56,B007,7508426910,Photo,https://res.cloudinary.com/dsmg07va6/image/upload/v1780571715/file_56_b6dqtz.jpg,file_56 (https://v5.airtableusercontent.com/v3/u/55/55/1785736800000/JKiWXqnH1G7H7jOPwUFa5g/AHxzBqv2LxXiEwMRr--zwEDZn7CFMFkIt84-yvCLht5hyFReSU4ayyIJ4wtDGNr-3WOQ87qn1d4-hXIN2vUPq51tp7amVTbqShcpoulf2X8J4QniYKlSlxM6OUQDOsmskIR8s9Sm4TKg426uLT2M3_YNo61NvF8YR4m7FWc_OtA/PeNda9HFqk4tuABEI7B0uQiqAFOUqzGD0qghYhxxHZk),,,6/4/2026 11:15am,B007,-1
file_61,B007,7508426910,Photo,https://res.cloudinary.com/dsmg07va6/image/upload/v1780571741/file_61_rmoprf.jpg,file_61 (https://v5.airtableusercontent.com/v3/u/55/55/1785736800000/U9ZxMKyETUHIT5nqUy2UVQ/5o410Q2vZPO7AfNm_95-1xBjzHTSuAb8rAJb-DGJoedmZmYDHqtgru3CUOVqASdmJUQd3jGUZbVQGSiPQTXl9CWdRq1eA-U9B1AncVURXk82Q_19oObZjC8a0gUf8HlVZ-iOBEsMoRFFGX-iBnaJrVT-rerAMuaIpdxeywxO-Hg/MeGXkgbfrqb-O64V-ONTxXRhqe0kHqdjKbo_ekt97DU),,196,6/4/2026 11:15am,B007,-1
file_62,B007,7508426910,Photo,https://res.cloudinary.com/dsmg07va6/image/upload/v1780571766/file_62_etbyy7.jpg,file_62 (https://v5.airtableusercontent.com/v3/u/55/55/1785736800000/Jf8Nl9A4-u5x5t3Qcfbgfw/_3YhCv5Mzi2THQuVFx6BuHmBKGFn0HSSVlQwKpPfsb-7uxLga-5i5lo_gFYW4fwlQLOeuUi4kVlibEQBTfNTRfXXXB_aLEDHWX0OYX0kK4sn7mIsDNuZFogpkC2gUX2gdDZLMQi2f2XyhxIPfC37-6e80QpMWdKpivKVWerzQmc/mfE1YfXHZPrOUgQ4i-L9qr6XXTclDmJKZ3dvBjscNQ0),,198,6/4/2026 11:16am,B007,-1
file_63,B007,7508426910,Video,https://res.cloudinary.com/dsmg07va6/video/upload/v1780571788/file_63_g4crvk.mp4,file_63 (https://v5.airtableusercontent.com/v3/u/55/55/1785736800000/He8l1vrNAA74M9lm65CVhQ/FiiLMFjbi5ztYN2I4tDUZYtpK6VxjtzDbWHNkg0HDhYd8b2wn2bCI-ZewQbMp1byuRN0IGRdR5XEGbhfLSbSwXFVq4rAH4NwHsSQyqCKXtp52mTSBSxqJ8unXGzE3XK4YklnZh0AHlR2_2Wtl-17LbSR84uJV4fAj9UdYR66B4E/c-f34VJITv5h6fudxUnywAyT5J4fs18S655aewXuXj0),,,6/4/2026 11:16am,B007,-1
file_64,B007,7508426910,Photo,https://res.cloudinary.com/dsmg07va6/image/upload/v1780571806/file_64_ma8jzv.jpg,file_64 (https://v5.airtableusercontent.com/v3/u/55/55/1785736800000/5av1wBOHmVCgJ4-Z7evM0Q/ljh8AouuRLs3LTcctwOvV767iy3MRuqBv7FYLG-gGMcS3xAhE7sIAPns7ntvDz7o4DulAdwQB1BpfGtXZDomy3kpBuhLVrUIdQukdTb-29YgRyVIazTPJQaw3I91GUgaU4F5uDIPb1mhub5Mvyh8xgTWdTi8argeZeKzf3n2zU4/w2yR_-ejIdzKEKyYouagMFUYVWxbg8OtnCWVq6248s4),,200,6/4/2026 11:16am,B007,-1
file_66,B008,7508426910,Photo,https://res.cloudinary.com/dsmg07va6/image/upload/v1780573621/file_66_uslxgo.jpg,file_66 (https://v5.airtableusercontent.com/v3/u/55/55/1785736800000/2kzIRVYGrjv3VQXL2nvbnw/xk_OR4IL96N7N7Xra-FV_cx-N_4mv4UdF3AFPnn91VIhTDVKFeMHxZDxwyNdl4owZYaTrr-9F_KzeBsqHINY5aJhA-d4wL7BTrzXtJNwBVI3TZac31VdGw3OiagU78JfNmzplBpe0AeF8JE6Gnxc9qge2k3k_dsGXp7IKBgA6xE/LHcRIgRqshROKICet7k9vx0D30-SvnjQLLWATDiMwqQ),,205,6/4/2026 11:47am,B008,-1
file_67,B008,7508426910,Photo,https://res.cloudinary.com/dsmg07va6/image/upload/v1780573643/file_67_bbq7lj.jpg,file_67 (https://v5.airtableusercontent.com/v3/u/55/55/1785736800000/2eBCXA4vkLEcVclf7I81RQ/ndbKOAYs1C2nIFhNAzXAmPQ34YlxS_T1t_tDRNQzaX9DI28OqvaK-mctRnlhAPPZ3mf2WOMOBHh_nft31HQRDtCEG5gC-uQByjfR3GgGs72f49p86u_c5NDqHWer_2y67rglKSJynuQ6rMDthemgnq2ogA5tKv-AiEpHcVRKFNE/fku_uVhF-DcY74n_-3DlDoKctkIIXXjltV7_OvHVycE),,206,6/4/2026 11:47am,B008,-1
file_68,B008,7508426910,Video,https://res.cloudinary.com/dsmg07va6/video/upload/v1780573724/file_68_ymcl7e.mp4,file_68 (https://v5.airtableusercontent.com/v3/u/55/55/1785736800000/ulSB1XCIAtk8lsSk5oU7Sw/MQjeXfQ5ihh0GTYnT9RqXJ_sHf2AEK2b-wVMqBy69EVjCkMtaJFBL7c8o2Fa2d6LiA-C23iljSTfO7VZtYFBlFVrhmmRnV4c8z6VBa-_zSCXiT0xbqeeZBDx3STrefQhxZMsHkxL_oZ9Jh1pyP8APcEv7N8yzWLQIDIMH6icoS8/X_4R2WOCpUXS1fKE-QuhJnyyMynu53507EpcZWaeP90),,,6/4/2026 11:48am,B008,-1
file_69,B009,7508426910,Photo,https://res.cloudinary.com/dsmg07va6/image/upload/v1780638464/file_69_tlumie.jpg,file_69 (https://v5.airtableusercontent.com/v3/u/55/55/1785736800000/igoGncX8q0laTOY9a3CZJw/s3PQy1F33X31P1Aj34cVCOCjlUcTfAK2ZFiZplzS2ghgQfbTca3BU7XGb8vSp-eSX-75ZLZuu-ZKyJNE5kRTQhgIuTZPCNUZDgyv7NjY5aH21b1Vd7_9-m6zaQ3gDV6k66MFNYd5Gp24dj9gY-0tfGJo6k9xVm5aGZjULIQjw9M/zTLUrL4P-2PPh09Vsi8YELa46ip9mii-3VgCFd_qTHY),,,6/5/2026 5:47am,B009,-1
file_70,B009,7508426910,Video,https://res.cloudinary.com/dsmg07va6/video/upload/v1780638591/file_70_y6i7vx.mp4,file_70 (https://v5.airtableusercontent.com/v3/u/55/55/1785736800000/MPpVnXEA7RP46tP7BCJaAQ/26tjSUwVwLrdKTxW4VMl2xYPX7kx-f3gzYjsb13Jx_kCQPMsPhhun1UBXpd88UaUu7vyMxblfC4ZbMIWpKCREa4drlkOL3YVUONOJhf40pbrOrHLo66RAXoTHR4kVUSgWRlRlrH8tOklkhIj7N6ip-7KE41FVuF_AAo1csQoZaU/ivs8SX3BBOhEejOof8t4FGfV9heB0n_CyFWDFFKcdxQ),,,6/5/2026 5:49am,B009,-1
file_51,B010,7508426910,Photo,https://res.cloudinary.com/dsmg07va6/image/upload/v1780641389/file_51_jxdtps.jpg,file_51 (https://v5.airtableusercontent.com/v3/u/55/55/1785736800000/i7OmMHZ_QVROG7ulo1jCCg/2EtDU2xXrwnhIEB_uX7itq4e6ltFtveYO4KxYExvVSJ8l2fCEKXiTPQ90a5oBB-BI7IemmuoU-bJbXI_HmIAwUs4xhQTMDm9OAImPHowHPGhHT2D2_5zoF2D7VYqMqvbwTwHFAXei8nrZqSYVrd4xDD08MSroWbe5J8Oc01Zdgk/gqalREJK8od4zVBBD0h6qQicLRgR9qY1m6mN-nvhNoU),,,6/5/2026 6:36am,B010,-1
file_71,B011,7508426910,Photo,https://res.cloudinary.com/dsmg07va6/image/upload/v1780811310/file_71_c908mk.jpg,file_71 (https://v5.airtableusercontent.com/v3/u/55/55/1785736800000/29G7sUW4314Kp3oVmkJopA/w-odRF0Q4V1osc_jxWAMnAw91uDyKc1itxNKkdqy2kfcABqZnK8ou0sfVPnjJ9yRehjJgbpuJVJtQHJe64U0exGbeERaYy0vdHSktMHn7D44SrLU4-l02y1rXRYDWKs5NcazumHxm3LUjUkU303g_Hois8N7lotW1nOdU9Fzpuc/u8vLhGxyN-jF5ZS_L2_5bDyJS2ZONfOtB0TkCbUVfaU),,,6/7/2026 5:48am,B011,-1
file_74,B012,7508426910,Photo,https://res.cloudinary.com/dsmg07va6/image/upload/v1780812458/file_74_wiqwho.jpg,file_74 (https://v5.airtableusercontent.com/v3/u/55/55/1785736800000/UK0Mw3OSNNfbTuE7uFA8uA/Jld1CxYn6IUdZ8gZv8246ESrmgDnj2HNNKcc1XAxkcoJqPn2PTwztk76x8KQzMzW373m_5IMRJlF2NiIz5ArjP-Q4OUfCY4PV850W_eH_PbBE2pDSj3ZEdHm0Ej-1aOVgpgqIGyQb7uxh1NRxJH_ASHlMMiIitqIy_fO9iCorb8/gyt2xwhmpnV1y4ACz275H5lwyGJoxbRK583DgS3H9KY),,226,6/7/2026 6:07am,B012,-1
,,,,,,,,6/7/2026 6:23am,,-1
file_75,B013,7508426910,Photo,https://res.cloudinary.com/dsmg07va6/image/upload/v1780814935/file_75_ebp31l.jpg,file_75 (https://v5.airtableusercontent.com/v3/u/55/55/1785736800000/gFRc_8T_WF-qoO0bqQYDwQ/wcpuPHp0iI5mpJu3dwUGi1K3lQHXf-DZ1YmxxrnX2ZN6abygPxFc2ZTe14rUFhTGtwr4hklwDUI6cMhzx2BTJLlELn8p3g32rWk9mRhS6ef9EkQ51OsAvxG-23BfOUE4E2qkqxqW1KjNtn2elXRQUS4_kIED6HYcKsNHPhYnTg0/4W2ANfU86nXQ_wrzpUmezL1HMv5TMedGjxfqfCEg6WA),,,6/7/2026 6:48am,B013,-1
file_76,B014,7508426910,Photo,https://res.cloudinary.com/dsmg07va6/image/upload/v1780818930/file_76_ftxcyu.jpg,file_76 (https://v5.airtableusercontent.com/v3/u/55/55/1785736800000/LfTKPZgkUR_ZKcOWctcbiw/iMwkv_d9eOMx-QE0-HWiAPIqkeg7q29uKeNtdeG4vlT6G6r3itEmzk2Qd4AJMi3BsRdJIneRvHz7UuUzbcoIdHvTZca3idXO9gbha2Zn6R89uvHStvTAVcnWY-b8FsoxCEDBVBoRQX8JHSUCGhVA388mk_y76Dx8U6ZYalfJvAI/VRFckptMMRbeO_ck93v5Y7IOuHsXgYNEp_koVysY5us),,,6/7/2026 7:55am,B014,-1
file_78,B014,7508426910,Photo,https://res.cloudinary.com/dsmg07va6/image/upload/v1780818993/file_78_bfojrt.jpg,file_78 (https://v5.airtableusercontent.com/v3/u/55/55/1785736800000/BROeJdVnWbDoUxch6r_RAg/oFj6lfI_3s87m5oqsmNKFtpqs_Uo02ngCzqXb1mL_NiIvdfWE4EMvCHdUPdxA-Qo3Cmjpoc-KNLrmswdzvA7nuVhpdF_h8iqjKleM5-MCqexO-bzF5fRQ6jkybjDv0Edka04Zx3xDkS4KI_6nkPArLEwPJyk6jQTr940iupoXrM/YOtDvAR1cTr7gjFlKqbLfzok7lnPgzdJlBbOxChxkdo),,233,6/7/2026 7:56am,B014,-1
file_79,B015,7508426910,Photo,https://res.cloudinary.com/dsmg07va6/image/upload/v1780902154/file_79_j5iskj.jpg,file_79 (https://v5.airtableusercontent.com/v3/u/55/55/1785736800000/obtTkmn8Od_agz4zb7c6aQ/GsSLD34-r9kDfMGk13LPATKbjvV1oiLG6Abu5YV71g3M6jN3rDwgtMxRcU-y52IE9gjLk4rT4BSse1N4XiGQMPqT68huazPyZIMiHDrA-5ucnbHj4B17sRfEM3FvFk5_djcb8cC0ctQgca_UJaJJvRj8NgP4DjEiw5kc07opP1g/OXn2bnKFDr-dXQu0tOfdFMeir-m2ItQ_DSMyui0rVM0),,,6/8/2026 7:02am,B015,-1
file_80,B015,7508426910,Photo,https://res.cloudinary.com/dsmg07va6/image/upload/v1780902174/file_80_vmtdry.jpg,file_80 (https://v5.airtableusercontent.com/v3/u/55/55/1785736800000/NJ4aUibMzPNjZOjZuA4Dew/efSCeBl47FuWrgtUS2_lKaBXdDzaJicMqxIcyH3GGqTwVFgYNuuqeDFf2Detg8Ch_5kfwnBuVsHte-Xa1n2BlUIHe1Fp4gUHVMhkXViGKGr91cka70VbdIZXWfWN9pogDURl8-UTYpq8xKpB9WUAElfxYMlMUuqBT3NHbsu-iYg/iF6mZpIVvrb78DioIgGjhuk6KFFdsexqdLC1LLlqKFg),,237,6/8/2026 7:02am,B015,-1
file_81,B015,7508426910,Video,https://res.cloudinary.com/dsmg07va6/video/upload/v1780902210/file_81_ig3frg.mp4,file_81 (https://v5.airtableusercontent.com/v3/u/55/55/1785736800000/uBrSxGkxIh68WVigSCFAvw/QtAHDQvvZbMSZtrXoide6IE7yNU2LXmNVxXkfoCYc08wXDmCIw-zuzb6F9jKrJB9vhwL1kanYFWdB3GbL7HRnYDC2BtFNH4lE3_S4khluOT6mtlf3fzvifDTZztU27eYeo9uXYHdMHlsSQF2_kWFuV4qkH37qJrwdarpwCUp4ec/DCgVoKGKtKQISguSLedj74bJuF_ueeDcnfehEX2YpWE),,,6/8/2026 7:03am,B015,-1
file_83,B016,7508426910,Photo,https://res.cloudinary.com/dsmg07va6/image/upload/v1780919279/file_83_qhaknu.jpg,file_83 (https://v5.airtableusercontent.com/v3/u/55/55/1785736800000/miaeLJfSLsULccBX79n1FA/zBDzp2HBVU76QokUcclkFHJhzoZJlEtV6OeVU5v6jHXQod4Uz1fGmGeD_yFYHiI5a60zIlEiQzROc_9m26X2Jwd4JhsPC5II7bvD29WK8OBM3yrldyAgzgYw_uEWD_c38eY4dJfLc-INlIhdnvAVgvNzVamcx_k8GlaARHnGpYc/OTs-pynnDeoSMLB5mQWfvwMhGcfdSxTKvEowxg802Lg),,,6/8/2026 11:48am,B016,-1
file_84,B016,7508426910,Photo,https://res.cloudinary.com/dsmg07va6/image/upload/v1780919304/file_84_nb7i59.jpg,file_84 (https://v5.airtableusercontent.com/v3/u/55/55/1785736800000/449YRgU1ZQwN1hFVvsrr-g/Ka3KPEN0l0Mbvv1JVKUgGppjO406tCbff2x5qBwzfqHRQjUgZHIGefdCRejSTGtt7V_F8_uOnwc8UKNQuITamK6yqc_L8uhGMPzLs-WnWnRCxOzWFkwGu3hdvgxAkbJisfB3NhpZvOp75a9x9F5y3T0fp7dMJgVWxKFBe8kwdng/CNnMS_YzT9PjAh4z5TkJ-AMDSH_JgjV-yMNKIagxZf0),,242,6/8/2026 11:48am,B016,-1
file_85,B016,7508426910,Photo,https://res.cloudinary.com/dsmg07va6/image/upload/v1780919339/file_85_ggbg9a.jpg,file_85 (https://v5.airtableusercontent.com/v3/u/55/55/1785736800000/JEMUn7jTYURToIs0FIHGag/0hwaztc1ie98jtyxQCu0R7aqcUQJ1ZL-WIS3w08dTXKP4IUCHAVre5mJHsXwgbbwVLQjZqWPs9FCiOFWCGJxxvvos1QslgD2nMrsIJpggKpoBRMlFZS-jSV7b2moeopcAaPva6vFywl3EM49paiTgHpeVcPxr4vlWi1rqg7zwsw/xqzEgWJfDHR9yMDXVrPAeVg5RS4hDzcEaKKufq2Bjbw),,243,6/8/2026 11:49am,B016,-1
file_86,B017,7508426910,Photo,https://res.cloudinary.com/dsmg07va6/image/upload/v1780920196/file_86_ub4ca2.jpg,file_86 (https://v5.airtableusercontent.com/v3/u/55/55/1785736800000/tlYDUAAKushq78QfPh4I9Q/7O04sZFFzFLXh9rYRoe4ZG7vgLdj5PS6yHHY3nqXK3n8JUNbeGkU8BiH6JpDH5IENkK7hFTNvb7gBMwsbsnIY5yl51s5KHdk_SFVwFxb12UnwWUHKnIhRBm5pspwS42GDxqnDPU4UkLOAFlvLKm6KU6i2Jmy1EZRjHDi1N9DJes/omRavcktQV7Y1MP08RUdO1HUgbecNIkX02L9QZnvfI8),,,6/8/2026 12:03pm,B017,-1
file_79,B017,7508426910,Photo,https://res.cloudinary.com/dsmg07va6/image/upload/v1780921495/file_79_sdi4lu.jpg,file_79 (https://v5.airtableusercontent.com/v3/u/55/55/1785736800000/Y1ugWoaFBM6-WkUy-2Z_nQ/dzTjxEyyse4lE5dZdx_uN51VTVguCPCWirze6o4m4K7rw-rTxgP6hZWFlkAp5qbArlQg_SHg-87EafHUf278x9g9NJk9qKOXHImkGOu2FZqd8Fz15x3PHx_cDDMO0DKpjwes8pJO-uchqU_mVppKt48LAtfTRFCcndxgB4X1SkA/BsSt9Gn3eMEWQ_EZxJVo0g_uSVBZoWeK1fb5svigKVA),,246,6/8/2026 12:24pm,B017,-1
file_87,B017,7508426910,Photo,https://res.cloudinary.com/dsmg07va6/image/upload/v1780921518/file_87_lgkryi.jpg,file_87 (https://v5.airtableusercontent.com/v3/u/55/55/1785736800000/NfOJ58_k3OdWvel_yVGjNQ/Ij5VHtJyx5iR-TQ6L6z_myVpUSWSe1OKq4ScRU5N-h2pNUIQal7RCCcLyIcZsbg-Jh9iIFyPa2EKHDYnJDvh8_qrS18hyLhYhAuDuiaXV9F4t4RG4iDF72CM8Yq85ed4HKumtgDF9VcH_AzM3YnUwtou33yGLQRKIglp2tg12B0/NayU6CLylvLpRC_EC8CtEkiI0jUtB0BHRf-5zgmZ5UE),,247,6/8/2026 12:25pm,B017,-1
file_88,B018,7508426910,Photo,https://res.cloudinary.com/dsmg07va6/image/upload/v1781061054/file_88_nrgymf.jpg,file_88 (https://v5.airtableusercontent.com/v3/u/55/55/1785736800000/aW9CHUFHtkBUMqbdY-u8cA/gkSIouTDnK7jRbBuRDiYudbTF-sC1DJ-lcy0rWF7xoZuT3UzNxWUEYeGbO5f-0IIPOjZ8PfJkRQxoKuF2ragCZzf6YbJZ_PfbiasfHTJK9h5Rvfcd081HKb5htEJnbx4XxI_pM_D4LFhI8YtTkeHT8_LOvUv7M2xUFnyGZgLQlg/UK3jHVSBjL5uBndl7PCjRDLUM5K1NZD7SmhDk0yrWqc),,,6/10/2026 3:10am,B018,-1
file_89,B018,7508426910,Video,https://res.cloudinary.com/dsmg07va6/video/upload/v1781061083/file_89_dtb4jy.mp4,file_89 (https://v5.airtableusercontent.com/v3/u/55/55/1785736800000/DsnlWRqWVApfAQOMkSlzUA/ddGciCYBF295ZjansVnXoCLE7sP8s_jjlXlhhXMta2j3v9GVMpArv2kRp2cUp4Md_3FrGFJyEUgsBIDW-EvUT-mQ5lT6EF1widXpRf99hWh64XYlKBtx6-hxKLCk5l5wfbgiS8XDlhwv08Yi9mFDKHuYIN-OzLOHwpDOUiPh0ds/TvVawa_pu-UNcq_c0g4J2C_DNF97tF6HwZaquXsbHC4),,,6/10/2026 3:11am,B018,-1
file_91,B051,7508426910,Photo,https://res.cloudinary.com/dsmg07va6/image/upload/v1781062737/file_91_ao0yhh.jpg,file_91 (https://v5.airtableusercontent.com/v3/u/55/55/1785736800000/6E4bg0q6nETulM8x3-AFBg/C70av_sWyDL6wmRwqu_3xBhxpN-C1UXE7eNIwge6Sus2-LxlyiKTGjgMVTnUiMYxszusGYD8lbfgL_v3i1LRnnJAE0HuKfhgtovF24Zp6Lh3Pct3JyvQVtEmk2aSUlRhR5pXUBdz8A5_g6Pm3xlYmgkHo3pyZK4kp0wov3PE0tw/GjoTKOr7gWjNWuxnfqsgnEaAQsO3e0LPvokiZFA5-3M),,,6/10/2026 3:38am,B051,-1
file_92,B019,7508426910,Photo,https://res.cloudinary.com/dsmg07va6/image/upload/v1781062756/file_92_rjb4q7.jpg,file_92 (https://v5.airtableusercontent.com/v3/u/55/55/1785736800000/EUoBQFEZFki6VekhM0TkYw/QnP5XQo2-lRvZK0LV0t43rh4cxp1xxn-OQtf1PYGDKvUkEUsgmbtiAqsjFNzm1MIvInPEtSpnCflqIBlgF6MtzzvncbsEYsCc6rTEQ8skC5Ngub5ssYnCxijYJ0kfhGwyTjIfxtSA7Gjc9nW7qYiMkovKnjFLs5LYP3uVuOEigY/p3eo_Xwrl8gKU0gGghHihLelczLjuIIFLJf7c5S6abc),,256,6/10/2026 3:39am,B019,-1
file_94,B020,7508426910,Photo,https://res.cloudinary.com/dsmg07va6/image/upload/v1781065806/file_94_zzc3oi.jpg,file_94 (https://v5.airtableusercontent.com/v3/u/55/55/1785736800000/EkgKrcv6fWlp5nJgBppcow/YUx0WrYB8qXmjSsULr_gZW-xMFYbj_AgsOCbnb0Sd1eWzhM-JY0HxFmiwPmSb6Tye_jBMdDaBk7hr2w98TDI3vdY_03qRz1UyWlve_HYwLlTaR133yrhhdI0HecdBZADqQs3dDcpMHw12AJpB3o4uWEJ-S-exIxDwPdTgfVkGmc/ny6CgKhOOb8RDSZfWpJmgg3mYNJy7n3d6PEsg8x4_PQ),,,6/10/2026 4:30am,B020,-1
file_95,B020,7508426910,Photo,https://res.cloudinary.com/dsmg07va6/image/upload/v1781065821/file_95_d7jofm.jpg,file_95 (https://v5.airtableusercontent.com/v3/u/55/55/1785736800000/8LIKqCWFLQPoarPko8_Jlg/NmZDhqVmR0UOt9HoBnh2YKXFIpRGZmxynaKDfzZI8ZSxErk_QLagMR7g-7pSiupeRXeTODLkqCvLIkhym2ysc77FmDVmLE_eRFF392jjVIF0Pz4Uo71tl64PH6GRazQDD-ftvI1xguMYsn7zWExQdchIUV5yJN9HbG9YNteorkI/M-Fka-6WPkTEcYtH7sHgnlLvGFF726F7IEUYRLVlekg),,261,6/10/2026 4:30am,B020,-1
file_97,B054,7508426910,Photo,https://res.cloudinary.com/dsmg07va6/image/upload/v1781162241/file_97_dzgkg8.jpg,file_97 (https://v5.airtableusercontent.com/v3/u/55/55/1785736800000/sDgGAp_U6zQGTboQx4KMLw/R1-fe1Ww5AWiLNVCWFywICMspHVAfdX62kM2qx3pWP6_AhNqKtRoxjNQCWdvJ6cUiqkOvbyFQaZQviN60R7m3eg0TjLAcF34LXxiriC20Mytt-iReiZW1oxVz4AHYPdlIfTsk4Nw32OLnqLq6f9nmcwOCRaj4Le-y0ndewWTFwo/CmiEuPwSrzrb_tsWbjSAAw5vC22COWLoStx60xA0_S8),,283,6/11/2026 7:17am,B054,-1
file_98,B054,7508426910,Photo,https://res.cloudinary.com/dsmg07va6/image/upload/v1781162270/file_98_vmtz1w.jpg,file_98 (https://v5.airtableusercontent.com/v3/u/55/55/1785736800000/aToZbggPJj3wHUbmlWrsKQ/7sXejXBIJY_7_HwxrE3R2mhzTUDT_z-d_KuIE1xj4wP7zqJoGhu_wSIh8bj549D0AN6uL-Pu0Knor59vYlFBY8-XI3q2kCqAe6Bwip9Wrzia1pISgSidKDl5GYexQH36FnDjkDIsElvyBxsGuc7Xzew6qjQjP_Da906I-huC0Qw/7zr_zPbe07eAUQSMPfL9fMrXYBkw_j2wpcnKtDCkC90),,284,6/11/2026 7:17am,B054,-1
file_99,B055,7508426910,Photo,https://res.cloudinary.com/dsmg07va6/image/upload/v1781243658/file_99_ozuoar.jpg,file_99 (https://v5.airtableusercontent.com/v3/u/55/55/1785736800000/O8lX778wGHxkecTqVBkDUg/6Nss6xb8Y7paRRhZBFvN4hL-ZFeAC9nUaZZVCHexkPOZ6yG-ANqKqVVJkQKQD2d7oRI-7q0oeotVmLnPtIXAGZadXHTZRtKIqaxxf7TY99COm-ssTmrchiNBNrjZzylZcywBkpIi6eMx4AQGnDYbq8JNPXpsfxVTqsEWJnpwwE8/ll9B6ui3lDfVYvOo88nORLnsEbBLPxZ9yYRQaTJqW4E),1,287,6/12/2026 5:54am,B055,0
file_100,B055,7508426910,Photo,https://res.cloudinary.com/dsmg07va6/image/upload/v1781243671/file_100_qxpqbn.jpg,file_100 (https://v5.airtableusercontent.com/v3/u/55/55/1785736800000/1bNcNYKf_Dk4phN9RzX3sQ/j7hL8pdviT3xX07lvEHtV-MuN7wuyHewj6nlkyi8F9D1HmCkhtplgZPVLb0IWMm5k05KLZVvCUUgimIwNoADl2etAzBl-vH42xgJDOUPMTwf4ujoCzkp672EbQq7AlNgsCmZb-YI584EUrdbz-ZXxlZG62kQPEwhDkNJw7ac3C4/qnm6Zr-yiF4uVtr4kZ9NhBaimkv3eSb_EQYT2IyTMGY),2,288,6/12/2026 5:54am,B055,1
file_102,B056,7508426910,Photo,https://res.cloudinary.com/dsmg07va6/image/upload/v1781277633/file_102_dlymnf.webp,file_102 (https://v5.airtableusercontent.com/v3/u/55/55/1785736800000/QYShObDlqIqW0mXUL6Eb2Q/PKyr5Nl_X4Jyb3i3Z3kkEuWLmjQ5mpA6O2y1M3rk9TRT-PNJIMrYJzu_Jy_i36n3de29M1p74pXJgKe1IH4ALufub4m4j7IGYAVi2iq8-kfn7s1ufZ5Racjp_iQZbCmphwioOLFydKYv8-n15X2TYfR0EWutDkUDprmHAH4odIA/srqGcL-KHoND6SjTxW-VQ_HnWEy4rra1xqVQWHW13Nk),,,6/12/2026 3:20pm,B056,-1
file_103,B056,7508426910,Photo,https://res.cloudinary.com/dsmg07va6/image/upload/v1781277698/file_103_pblstv.jpg,file_103 (https://v5.airtableusercontent.com/v3/u/55/55/1785736800000/556ROCDeb5c5zUgF8_5B8A/s71UxFiHCiLs207pel2JYNEJI_cDjOZoM8PyPWx6uD9Wk0LNiKkpBM-g3aJ63FAn8dUHESxKHyVXuGIsC5vGbHNXPdCctCMj0Irl1kcM7GR_faTtWsEcazJ6XDEFNrfYwJabUnLiJEQYK3bHiUrZ-5x_wa40y6mPtv-V9ImLKFE/OMlOwqbva03K-0L41M4zt2XhBpD4xNQB3QM3UOESGOI),,292,6/12/2026 3:21pm,B056,-1
file_115,B060,7508426910,Photo,https://res.cloudinary.com/dsmg07va6/image/upload/v1781428090/file_115_w2ufri.jpg,file_115 (https://v5.airtableusercontent.com/v3/u/55/55/1785736800000/0PFR2tGYEUskYcqzdwoflA/il_PJywtnKPgYe-BOqM-szS0uHMtZcCpV5mUsUfyVVGr3TzfCmAlU-jpKF0xkjSI1aZxYpGV3Jc8SO2eO22GPLREMItX6FNal1glekpqjQDb3W_MJNC1yqa3ZTvULxxA-kTpNxPvLU7bFJ-_GsX7vqghJULtjZmdH73Mnv0vsFc/v-3Jov_j4_hDfb0xyUQHlofUuNIwBgdNBmDIYpgfDmw),,,6/14/2026 9:08am,B060,-1
file_114,B060,7508426910,Photo,https://res.cloudinary.com/dsmg07va6/image/upload/v1781428090/file_114_epyree.jpg,file_114 (https://v5.airtableusercontent.com/v3/u/55/55/1785736800000/_E6WgiL-NTbNM_u1PiA2ng/rOyMSRDXKNHteT8Mi04n4cR5WEZv52h8Xz6heZvwhPUl9tGnXmErpx1exAu3cAYcEsw2t1RIPUpN8MxbPw0THipKrSXzvcY9gBEP_Twevj4kgcA1UCPIyZUO57ndjTjQarxncXuwCa5_JLYdn8mpxLqkOA7vMx6cVw6seF_49xQ/VZIx_fk1T96Q6v7vW7Aqxx-TeuKO5ioYf0JIPWAReUs),,308,6/14/2026 9:08am,B060,-1
file_116,B061,7508426910,Photo,https://res.cloudinary.com/dsmg07va6/image/upload/v1781428228/file_116_hxkcds.jpg,file_116 (https://v5.airtableusercontent.com/v3/u/55/55/1785736800000/9wTRyThfl4IN62SGBIxAsA/8DGcrdm0fYhuM91dMYq4I6-SBkTrqIGv2_4-G-6GB9ns1kYXrihIYNxzEy0CgJfX9dS05opbtw94GV0AvBbQhW_fyyJ4kzTuWcWEfbaHcqp7uc9P4W3kR679Vph4k53xJXyUnySyJl6Hd13KGMWQmMcRfm0FjiO6MXozr3k-tKA/IZPh8D7T_mpXMMild7sVes2AxcGufPJh0aAo9GIfVwI),,,6/14/2026 9:10am,B061,-1
file_117,B061,7508426910,Photo,https://res.cloudinary.com/dsmg07va6/image/upload/v1781428239/file_117_gdxu4p.jpg,file_117 (https://v5.airtableusercontent.com/v3/u/55/55/1785736800000/2l7lKRXGDegiXQEziPdHtQ/Uz2Zi5Ray4kXqzkz94MybDNuNd6I8YWqfgOl66qb19CzhHA8w-UB6SzGnhBpzg3O6zVrNqh4f32Q4wlT5GOufJimEL2mLOPk-D5u7fMSYblUjPa-vBbI-9tC72sxZxbAKsZvEOXYN68-fGk95yOUCwoBQHDpJSCSISEQvcKMLgY/Db0OzbgnLzVrH4b6UZ6nF-skpg8Nplnz-tA0G5dcHcE),,313,6/14/2026 9:10am,B061,-1
file_118,B061,7508426910,Photo,https://res.cloudinary.com/dsmg07va6/image/upload/v1781428259/file_118_i1czcy.jpg,file_118 (https://v5.airtableusercontent.com/v3/u/55/55/1785736800000/3wWlrjoJjJEYYSi8kMWE7A/LdurkKcClJFfdOyNu4q3eYGRA1PbWHO1OjO3-991z6SnxyzOvQI0-oa5AuAZK2lERu50xMWC50-MRkz9FmZpvmddKOTeQIZBqNVM2XpOqNImqmiE1CntOVxHGAo_GREqFlbiNS02EOP1IS3bnXquZpAGVNTyNvyRPZ_TQfyYzII/_FEPf7ap4dVQFWbSvH9dvn5NG1_jkXP4iiNFGUP1E0g),,314,6/14/2026 9:11am,B061,-1
file_119,B061,7508426910,Photo,https://res.cloudinary.com/dsmg07va6/image/upload/v1781428271/file_119_fqfhtb.jpg,file_119 (https://v5.airtableusercontent.com/v3/u/55/55/1785736800000/vO3T1-SsA-Lrv-uxcvZBIw/pPax9ycG8KIIYsv_QRL67ZaZfnuaDmxBExEwirezQIRxwegG_4SyTvCE8IDrEHEmX7M2c0ke1qe-wc4gMfE1LyGN7FqMW4h2tGzyc4RXA90cRK6x32jf_lyfRBZ42geJrzr7dw6V0rTCF9G25_LR5Xugvqwv4jrab6shw8ZhkJk/6TxcIYHIhPRxFsowFrjEPs7ZP79G4P0rYapMw7jJ6dU),,315,6/14/2026 9:11am,B061,-1
file_125,B064,7508426910,Photo,https://res.cloudinary.com/dsmg07va6/image/upload/v1781442978/file_125_dj4t24.jpg,file_125 (https://v5.airtableusercontent.com/v3/u/55/55/1785736800000/F3DhM1B45Yv70o8JW4DqVw/dXwB6FeRrNIlA3qhWTJz94Y2LvxxtHZ8WPSXbgW2byRTTPuuWsDstb1ScNUjiAqTM_aIeODtSwwhggtz_e76iE1DIc2CLj7Cbic3Cfet7WVllDPlkKzGxd7m1nEv5vavCo1rsvj_oEQ9slT_aj5nL0fPmUO_9OwiB04FrPumVsk/yIAb4UMw4N5yogC8nspZy4ynXOlbA7v89P6oRpCLpK4),,324,6/14/2026 1:16pm,B064,-1
file_126,B064,7508426910,Photo,https://res.cloudinary.com/dsmg07va6/image/upload/v1781442980/file_126_dsqh1n.jpg,file_126 (https://v5.airtableusercontent.com/v3/u/55/55/1785736800000/cV_WMZu6uujjjHrGFkBF0Q/m_nLQHYyDrQ7oIImwDBcXnPdL0jSz26qLny40GQd_ZAVPQcldnAMYmPf2qz0Wqkz7X9tPhmJ8Zl8T3FQwHzebllg5pvRQbRP-2hejVySbTi2AcYuCzpYsx6vOn5BHqh4R9zfmldwdUwABDbqqTd8MQIIdJUDUnC9Y6fSy5H7fIQ/lYEAtWjSUOvNwzCN1Vjy8mkNgc56n_9Z8zx5RDX3C90),,325,6/14/2026 1:16pm,B064,-1
file_127,B064,7508426910,Photo,https://res.cloudinary.com/dsmg07va6/image/upload/v1781442991/file_127_tbhzo8.jpg,file_127 (https://v5.airtableusercontent.com/v3/u/55/55/1785736800000/tj7WMiTOHZw9CqIvwY9k1g/lXTfwrQEAjwtY7O-x_QZXPGpmcbaeeE2IcpvZ_pGlCW8IHcOdTv9N3QRMnpQV0H44kLkMvk1rH5EX1P3hcQBZruK3ZjPKVBPdF-ck30WC5n2RYj_2UhMyJR37hpTNuhJ1CNQmQLIZx0wPqSR8Kkw28n6uAymzI_-zyr2wFverA0/BXZK7bKgMpphW8LdoL6HInya26ymmUZ7ziEAwM_t0tI),,326,6/14/2026 1:16pm,B064,-1
file_129,B064,7508426910,Photo,https://res.cloudinary.com/dsmg07va6/image/upload/v1781443039/file_129_bs868q.jpg,file_129 (https://v5.airtableusercontent.com/v3/u/55/55/1785736800000/CiG4_482reSFmJh17MKKww/wcWdZFUJ3FQb-yJPMaUWz5g_MLQOKh_RfM0uWYi3uIwGyuSOoVTFSjMD_h7dTBso5hf8XuKq-99I6KrbA1aQsaBifTAxubALkMVgxMQ8VIRHunOMTMMYvd4lX_-HsgRbmVMfLeRB9ibwVhJTTqF-MnZeIK7GcSPfFULOzS1ZTVU/gg6HHk4XFm_jdKO1bzKiG1LjGij5HgVSYLpYEWhuVAQ),,328,6/14/2026 1:17pm,B064,-1
file_128,B064,7508426910,Photo,https://res.cloudinary.com/dsmg07va6/image/upload/v1781443038/file_128_myylon.jpg,file_128 (https://v5.airtableusercontent.com/v3/u/55/55/1785736800000/Pk6CY8DetLg1qRVurR6rww/zSn7CUIrY_kH5Lvxylwa6dLBYdNnRIG74eNekt6vkJCXxIaKKurMVkHftEFfgRFQoRYlYbRabm5lvMO2gl-IynIAzAWyGQE4xCsOnmtTl90k61QmSDkOksRSdRCEQxD7ZhQCIEkRp6_kIE0WRPIXoKQ7JBJSIbCgUYfqnyY0Yyc/DdZbMGcaW1xROCQ1gjITVKclGCVXNS3wXoWr_oEjtlU),,327,6/14/2026 1:17pm,B064,-1
file_130,B064,7508426910,Photo,https://res.cloudinary.com/dsmg07va6/image/upload/v1781443065/file_130_hjkiv2.jpg,file_130 (https://v5.airtableusercontent.com/v3/u/55/55/1785736800000/Ih-r1j-1olITLIDleiP_Qw/F8YzVfv11g-PL1l0JSPQGVUTaPBCWuJis8T0jnS5ONuKW8J_RFiTnd5gXKGt7qRig602m2Kg2hhtdc0T0vE6pEnMuymIh5pK-XllPTxiSuMh1ElCnYpwEmUshkBRMvojXl6QyNqsuitSGT4KZB9I6p9jYuFZX86oV01lULT2J5k/rW8zbYf46RIaF0Vn2YrsgxyJaKpVQS23e-Qb6KeUqwU),,329,6/14/2026 1:17pm,B064,-1