Title,Project,Topic,Status,Content Category,Post Type,Priority,Hook,One-sentence content angle,CTA,Publish Date,Publish Month,Media,Content Score,Content Pillar,Content Bundles,Caption,Carousel Slides,Reel Script,Stories,Hashtags,Final Caption,Cover Image URL,Carousel Image URLs,Instagram Carousel URLs
Why Parking Should Be Designed Early,Anusara,,Draft,Other,Carousel,High,Parking is usually ignored until it starts ruining the project.,"For a compact resort like Anusara, parking must be solved early so it does not compromise arrival, landscape, guest privacy, or the overall atmosphere.",Send us your site plan if access and parking are already becoming difficult to solve.,,,,,,,,,,,,,,,"
"
The Courtyard Is the Real Lobby,Anusara,,Draft,Other,Reel,Medium,"In tropical hospitality, the lobby is not always inside.","Anusara uses outdoor space as part of the hospitality sequence, where landscape, shade, water, lighting, and circulation create the first layer of guest experience.","If you want your project to feel natural from arrival to room, let’s review the spatial sequence.",,,,,,,,,,,,,,,"
"
Density Without Losing Calm,Anusara,,Draft,Development & Investment,Carousel,High,The challenge is not adding more rooms. The challenge is keeping the project calm.,"Anusara demonstrates the planning trade-off between maximizing usable area and preserving privacy, landscape, comfort, and guest perception.",DM us “PLANNING” if you want to test the density of your hospitality concept before design development.,,,,,,,,,,,,,,,"
"
Founder Perspective: Good Hospitality Design Reduces Friction,Anusara,,Draft,Other,Reel,High,Good hospitality design is not only what guests notice — it is what they never have to think about.,"The best guest experience comes from removing friction: unclear arrival, exposed circulation, poor lighting, confusing access, weak privacy, and badly placed service functions.","If you are developing a hospitality project, we can help identify the hidden problems before they reach construction.",,,,,,,,,,,,,,,"
"
Why Visual Concepts Must Explain the Business,Anusara,,Draft,Other,Carousel,High,A rendering should do more than make the project look good.,"For Anusara, visualization should communicate the investment logic: room experience, arrival quality, amenity value, atmosphere, density, and operational clarity.","If you need an investor-ready concept, send us your brief and we can help structure the story.",,,,,,,,,,,,,,,"
"
Architecture That Belongs to the Climate,Anusara,,Draft,Other,Feed Post,Medium,Tropical architecture should not be copied from another climate.,"Anusara’s design language should be understood through shade, roof depth, outdoor circulation, ventilation, landscape integration, and materials that respond to the environment.",Send us your project idea if you want architecture that responds to its site instead of simply occupying it.,,,,,,,,,,,,,,,"
"
Landscape Is Not Decoration Around Buildings,Roscha,,Draft,Projects & Process,Carousel,High,Landscape is not what remains after the buildings are placed.,"In Roscha, landscape should be understood as part of circulation, privacy, identity, microclimate, arrival, and long-term property value.",Planning a residential development? Let’s review how the landscape strategy supports the architecture and business model.,,,,,,,,,,,,,,,"
"
Why BIM Matters in Repetitive Residential Projects,Roscha,,Draft,BIM / Architecture,Carousel,High,Repetition saves money only when it is coordinated.,"In a development with multiple similar buildings, BIM helps control unit layouts, facade systems, quantities, documentation, procurement, and construction consistency across the entire site.",DM us “BIM” if your development needs better coordination before construction.,,,,,,,,,,,,,,,"
"
Ground-Floor Commercial Space Needs a Clear Role,Roscha,,Draft,Development & Investment,Carousel,Medium,Commerce is not extra square footage.,"If ground-floor commercial spaces are included, they must support daily life, pedestrian movement, tenant visibility, services, and the overall value of the residential community.","If your project includes commercial space, we can help define whether it supports the development or simply fills the plan.",,,,,,,,,,,,,,,"
"
Investor-Ready Visualization Must Explain the Development,Roscha,,Draft,Visualization & Development,Carousel,High,"A rendering should explain the business, not only the building.","For Roscha, visualization should communicate density, site logic, parking strategy, landscape value, unit experience, facade identity, and why the project can work as a residential asset.","If you need an investor-ready concept for a development, send us your brief and we can help structure the project story.",,,,,,,,,,,,,,,"
"
Founder Perspective: Good Office Design Reduces Friction,GoMandor Office,,Draft,Founder Thought,Reel,High,The best office decisions are often the ones nobody notices.,"A well-planned office removes daily friction by solving acoustics, lighting, circulation, meeting flow, storage, privacy, and team movement before they become operational problems.","If your office feels inefficient, we can help identify the planning issues before renovation starts.",,,,,,,,,,,,,,,"
"
Material Contrast Creates Order,GoMandor Office,,Draft,Design Discovery,Carousel,Medium,Color is not the main decision. Hierarchy is.,"The red textured wall, neutral plaster, light stone, soft furniture, and exposed ceiling create clear visual hierarchy without overloading the interior.",Send us your interior concept if you want a professional review of material logic.,,,,,,,,,,,,,,,"
"
Why the Ceiling Was Left Honest,GoMandor Office,,Draft,Architect's Perspective,Reel,High,Exposed ceilings only work when they are controlled.,"The open ceiling gives the office height and technical character, but it requires careful coordination of lighting, ducts, sprinklers, cable routes, and acoustic comfort.",DM us “BIM” if your interior needs better coordination before construction.,,,,,,,,,,,,,,,"
"
Meeting Rooms Need More Than a Table,GoMandor Office,,Draft,Other,Carousel,High,A meeting room fails when it is planned as furniture first.,"GoMandor’s meeting zones should be evaluated through screen placement, lighting, acoustics, camera angles, circulation, storage, and how people enter and leave the room.","If you are planning an office, we can help test the meeting flow before layout approval.",,,,,,,,,,,,,,,"
"
How Stone Veining Controls the Whole Kitchen Composition,,How Stone Veining Controls the Whole Kitchen Composition,Idea,Design Discovery,Carousel,High,"In this compact open-plan kitchen, the book-matched stone is not just a finish — its linear veining defines the backsplash, countertop rhythm, cabinet alignment, and the visual direction of the space.",,,,,,,,B064,,,,,,,,,"
"
"Why the Island Works as a Circulation Tool, Not Just a Bar",,"Why the Island Works as a Circulation Tool, Not Just a Bar",Idea,Guest Experience,Carousel,High,"The narrow stone island creates a prep zone, casual dining point, and circulation buffer between the kitchen and living area — a small planning move with a big impact on daily flow.",,,,,,,,B064,,,,,,,,,"
"
The Development Logic Behind Using Stone in a Compact Kitchen,,The Development Logic Behind Using Stone in a Compact Kitchen,Idea,Development & Investment,Carousel,High,"For high-use residential or hospitality interiors, a continuous stone countertop and backsplash reduce visual noise, improve durability, and make a compact kitchen feel more premium without adding square meters.",,,,,,,,B064,,,,,,,,,"
"
BIM Coordination Behind a Minimal Stone Kitchen,,BIM Coordination Behind a Minimal Stone Kitchen,Idea,BIM / Architecture,Carousel,Medium,"A clean render like this depends on hidden coordination: stone seams, undermount sink position, recessed cooktop, concealed hood, LED strips, and cabinet tolerances all need to be resolved before construction.",,,,,,,,B064,,,,,,,,,"
"
"How Dark Wood, Stone, and Warm Light Avoid a Heavy Interior",,"How Dark Wood, Stone, and Warm Light Avoid a Heavy Interior",Idea,Architect's Perspective,Carousel,Medium,"The dark upper cabinets could make the kitchen feel closed, but the linear stone surface, floating cabinet effect, and warm LED lighting create depth, contrast, and a more refined spatial experience.",,,,,,,,B064,,,,,,,,,"
"
How the Stone Countertop Sets the Entire Vanity Logic,,How the Stone Countertop Sets the Entire Vanity Logic,Idea,Design Discovery,Carousel,High,"This bathroom vanity starts with one decision: a dark veined stone slab that defines the sink placement, symmetry, lighting, and brass detailing.",,,,,,,,B064,,,,,,,,,"
"
Why a Floating Double Vanity Changes the Guest Experience,,Why a Floating Double Vanity Changes the Guest Experience,Idea,Guest Experience,Carousel,High,"The floating cabinet is not just a visual choice — it makes the bathroom feel lighter, improves cleaning access, and gives two users a clear daily-use rhythm.",,,,,,,,B064,,,,,,,,,"
"
"The Material Coordination Behind Stone, Brass, and Wood",,"The Material Coordination Behind Stone, Brass, and Wood",Idea,Projects & Process,Carousel,High,"Dark stone, polished brass fixtures, and light wood veneer only work together when the tones, reflection levels, and joint lines are coordinated from the start.",,,,,,,,B064,,,,,,,,,"
"
Construction Logic: Making a Heavy Stone Surface Look Light,,Construction Logic: Making a Heavy Stone Surface Look Light,Posted,BIM / Architecture,Carousel,Medium,"A polished stone countertop visually floats here, but behind that clean line is careful coordination of basin cutouts, drawer clearances, wall fixing, and cabinet support.",,,6/16/2026,2026-06,,,,B064,"A floating stone countertop is never just visual simplicity. It is the result of coordinated BIM logic, structural support, basin planning, drawer clearance, and millwork precision.","{""title"":""The Illusion"",""text"":""A polished stone countertop appears to float with a clean, uninterrupted line across the vanity.""},{""title"":""The Reality"",""text"":""That lightness depends on hidden construction logic: support, clearances, cutouts, fixing points, and millwork alignment.""},{""title"":""Basin Cutouts"",""text"":""The stone must be coordinated around basin openings, plumbing routes, edge distances, and structural weak points.""},{""title"":""Drawer Clearance"",""text"":""Below the surface, drawers need space to move without colliding with basins, traps, brackets, or wall services.""},{""title"":""Wall Fixing"",""text"":""A floating expression still needs secure anchoring through the wall, substrate, or concealed support system.""},{""title"":""Cabinet Support"",""text"":""Millwork is not only storage here. It helps distribute loads, stabilize the stone, and preserve the visual line.""},{""title"":""Why BIM Matters"",""text"":""BIM coordination lets every cutout, clearance, support, and cabinet component be tested before site execution.""},{""title"":""Design Takeaway"",""text"":""Making heavy stone look light is not about removing structure. It is about placing structure exactly where it disappears.""}","Opening Hook: This stone countertop looks like it floats, but the real design is hidden underneath. First, the basin cutouts need to be positioned without weakening the slab. Then, drawer clearances must avoid plumbing, traps, and support brackets. The wall fixing has to carry the load safely, while the cabinet below stabilizes the assembly without making it look heavy. In BIM, these relationships can be tested before construction, so the final detail feels effortless on site. Closing: Heavy materials can look light when the construction logic is precise.","Story 1: A floating stone surface is rarely as simple as it looks. Story 2: Behind the clean line: basin cutouts, drawer clearances, wall fixing, and cabinet support. Story 3: BIM helps coordinate the hidden logic before it becomes a site issue. Story 4: Good detailing makes structure disappear without compromising performance.",#Texas #Dallas #Austin #LosAngeles #Miami #Bali #Architecture #ArchitecturalDesign #InteriorArchitecture #BIM #BIMCoordination #Revit #DesignDevelopment #ConstructionDocumentation #StoneDesign #CountertopDesign #MillworkDesign #Detailing #LuxuryInteriors #ResidentialDesign #ConstructionLogic #ArchitecturalDetails #DesignCoordination #BuiltEnvironment,"A floating stone countertop is never just visual simplicity. It is the result of coordinated BIM logic, structural support, basin planning, drawer clearance, and millwork precision.



#Texas #Dallas #Austin #LosAngeles #Miami #Bali #Architecture #ArchitecturalDesign #InteriorArchitecture #BIM #BIMCoordination #Revit #DesignDevelopment #ConstructionDocumentation #StoneDesign #CountertopDesign #MillworkDesign #Detailing #LuxuryInteriors #ResidentialDesign #ConstructionLogic #ArchitecturalDetails #DesignCoordination #BuiltEnvironment",https://res.cloudinary.com/dsmg07va6/image/upload/v1781593326/izagevxzp9bzbdffnso8.png,"https://res.cloudinary.com/dsmg07va6/image/upload/v1781593328/dfjve9w5ffn3bjh5iobh.png
https://res.cloudinary.com/dsmg07va6/image/upload/v1781593329/o7ddbczgymomqz9tzc0r.png
https://res.cloudinary.com/dsmg07va6/image/upload/v1781593330/xreqt0e5mj9npjkswpwc.png
https://res.cloudinary.com/dsmg07va6/image/upload/v1781593331/wzzbbrfvgskjhuoy4kgp.png
https://res.cloudinary.com/dsmg07va6/image/upload/v1781593332/lh6yjx74teljuml7naku.png
https://res.cloudinary.com/dsmg07va6/image/upload/v1781593333/hi0avc0wratave4kjzke.png","https://res.cloudinary.com/dsmg07va6/image/upload/v1781593326/izagevxzp9bzbdffnso8.png
https://res.cloudinary.com/dsmg07va6/image/upload/v1781593328/dfjve9w5ffn3bjh5iobh.png
https://res.cloudinary.com/dsmg07va6/image/upload/v1781593329/o7ddbczgymomqz9tzc0r.png
https://res.cloudinary.com/dsmg07va6/image/upload/v1781593330/xreqt0e5mj9npjkswpwc.png
https://res.cloudinary.com/dsmg07va6/image/upload/v1781593331/wzzbbrfvgskjhuoy4kgp.png
https://res.cloudinary.com/dsmg07va6/image/upload/v1781593332/lh6yjx74teljuml7naku.png
https://res.cloudinary.com/dsmg07va6/image/upload/v1781593333/hi0avc0wratave4kjzke.png"
Investment Detail: Why Premium Bathrooms Sell the Whole Project,,Investment Detail: Why Premium Bathrooms Sell the Whole Project,Idea,Development & Investment,Feed Post,Medium,"In high-end residential interiors, a bathroom vanity like this becomes a value signal: natural stone, concealed storage, brass fittings, and integrated lighting communicate quality immediately.",,,,,,,,B064,,,,,,,,,"
"